{
    "class_codes": {
        "0": {
            "long": "Dark Wizzard",
            "short": "DW"
        },
        "1": {
            "long": "Soul Master",
            "short": "SM"
        },
        "2": {
            "long": "Grand Master",
            "short": "GM"
        },
        "3": {
            "long": "Grand Master",
            "short": "GM"
        },
        "16": {
            "long": "Dark Knight",
            "short": "DK"
        },
        "17": {
            "long": "Blade Knight",
            "short": "BK"
        },
        "18": {
            "long": "Blade Master",
            "short": "BM"
        },
        "19": {
            "long": "Blade Master",
            "short": "BM"
        },
        "32": {
            "long": "Fairy Elf",
            "short": "FE"
        },
        "33": {
            "long": "Muse Elf",
            "short": "ME"
        },
        "34": {
            "long": "High Elf",
            "short": "HE"
        },
        "35": {
            "long": "High Elf",
            "short": "HE"
        },
        "48": {
            "long": "Magic Gladiator",
            "short": "MG"
        },
        "49": {
            "long": "Duel Master",
            "short": "DM"
        },
        "50": {
            "long": "Duel Master",
            "short": "DM"
        },
        "64": {
            "long": "Dark Lord",
            "short": "DL"
        },
        "65": {
            "long": "Lord Emperor",
            "short": "LE"
        },
        "66": {
            "long": "Lord Emperor",
            "short": "LE"
        },
        "80": {
            "long": "Summoner",
            "short": "SU"
        },
        "81": {
            "long": "Bloody Summoner",
            "short": "BS"
        },
        "82": {
            "long": "Dimension Master",
            "short": "DIM"
        },
        "83": {
            "long": "Dimension Master",
            "short": "DIM"
        },
        "96": {
            "long": "Rage Fighter",
            "short": "RF"
        },
        "97": {
            "long": "Fist Master",
            "short": "FM"
        },
        "98": {
            "long": "Fist Master",
            "short": "FM"
        },
        "112": {
            "long": "Grow Lancer",
            "short": "GL"
        },
        "114": {
            "long": "Miracle Lancer",
            "short": "ML"
        }
    }
}