{
    "LEGION": {
        "active": 1,
        "player": {
            "is_sidebar_module": 0,
            "count": 50,
            "count_in_sidebar": 5,
            "cache_time": 0,
            "display_resets": 1,
            "display_gresets": 0,
            "display_master_level": 1,
            "display_status": 1,
            "display_gms": 0,
            "excluded_list": "",
            "display_country": 0
        },
        "guild": {
            "is_sidebar_module": 0,
            "count": 50,
            "count_in_sidebar": 0,
            "cache_time": 0,
            "excluded_list": ""
        },
        "gens": {
            "count": 50,
            "cache_time": 0,
            "type": "igcn"
        },
        "voter": {
            "is_sidebar_module": 0,
            "count": 0,
            "count_in_sidebar": 0,
            "cache_time": 0,
            "excluded_list": "",
            "display_country": 0
        },
        "killer": {
            "is_sidebar_module": 0,
            "count": 50,
            "count_in_sidebar": 0,
            "cache_time": 0,
            "display_resets": 0,
            "display_gresets": 0,
            "display_master_level": 0,
            "display_gms": 0,
            "excluded_list": "",
            "display_country": 0
        },
        "online_list": {
            "cache_time": 0,
            "display_resets": 1,
            "display_gresets": 1,
            "display_gms": 0,
            "excluded_list": "",
            "display_country": 0
        },
        "bc": {
            "is_sidebar_module": 0,
            "count": 50,
            "count_in_sidebar": 0,
            "cache_time": 0,
            "excluded_list": ""
        },
        "ds": {
            "is_sidebar_module": 0,
            "count": 50,
            "count_in_sidebar": 0,
            "cache_time": 0,
            "excluded_list": ""
        },
        "cc": {
            "is_sidebar_module": 0,
            "count": 50,
            "count_in_sidebar": 0,
            "cache_time": 0,
            "excluded_list": ""
        },
        "duels": {
            "is_sidebar_module": 1,
            "count": 50,
            "count_in_sidebar": 5,
            "cache_time": 0,
            "excluded_list": ""
        }
    }
}