{
    "ARCANIS": {
        "allow_reset": 1
    },
    "LEGION": {
        "allow_reset": 1,
        "51-9999": {
            "money": "20000000",
            "money_x_reset": "0",
            "level": "400",
            "clear_magic": "0",
            "clear_inventory": "0",
            "clear_exp_inventory": "0",
            "clear_equipment": "0",
            "clear_store": "0",
            "clear_stats": "0",
            "clear_level_up": "0",
            "new_stat_points": "0",
            "new_free_points": "0",
            "bonus_points": {
                "dw": "0",
                "sm": "0",
                "gm": "0",
                "dk": "0",
                "bk": "0",
                "bm": "0",
                "fe": "0",
                "me": "0",
                "he": "0",
                "mg": "0",
                "dm": "0",
                "dl": "0",
                "le": "0",
                "su": "0",
                "bs": "0",
                "dim": "0",
                "rf": "0",
                "fm": "0",
                "gl": "0",
                "ml": "0"
            },
            "bonus_credits": "50",
            "bonus_gcredits": "0",
            "reset_cooldown": "60",
            "bonus_gr_points": "0",
            "clear_masterlevel": "0"
        },
        "0-50": {
            "money": "2000000",
            "money_x_reset": "1",
            "level": "400",
            "clear_magic": "0",
            "clear_inventory": "0",
            "clear_exp_inventory": "0",
            "clear_equipment": "0",
            "clear_store": "0",
            "clear_stats": "1",
            "clear_level_up": "1",
            "new_stat_points": "25",
            "new_free_points": "0",
            "bonus_points": {
                "dw": "1000",
                "sm": "1000",
                "gm": "1000",
                "dk": "1000",
                "bk": "1000",
                "bm": "1000",
                "fe": "1000",
                "me": "1000",
                "he": "1000",
                "mg": "1000",
                "dm": "1000",
                "dl": "1000",
                "le": "1000",
                "su": "1000",
                "bs": "1000",
                "dim": "1000",
                "rf": "1000",
                "fm": "1000",
                "gl": "1000",
                "ml": "1000"
            },
            "bonus_credits": "50",
            "bonus_gcredits": "0",
            "reset_cooldown": "0",
            "bonus_gr_points": "1",
            "clear_masterlevel": "0"
        }
    }
}