<?xml version="1.0"?>
<character_LEGION_conf>
  <character_LEGION>
    <max_stats>32500</max_stats>
    <skill_tree_type>igcn</skill_tree_type>
    <skilltree_reset_price>50</skilltree_reset_price>
    <skilltree_reset_price_type>1</skilltree_reset_price_type>
    <skilltree_reset_level>0</skilltree_reset_level>
    <skilltree_reset_points>0</skilltree_reset_points>
    <skilltree_points_multiplier>1</skilltree_points_multiplier>
    <pk_clear_price>1000000</pk_clear_price>
    <allow_reset_stats>1</allow_reset_stats>
    <reset_stats_price>50</reset_stats_price>
    <reset_stats_payment_type>1</reset_stats_payment_type>
    <show_equipment>1</show_equipment>
  </character_LEGION>
</character_LEGION_conf>
