{
    "1": {
        "title": "Mu Online Rules",
        "news_content": "<p>Be kind and respect each other<\/p><p>Our servers are made for you, the community. This means that if someone is trying to disrupt the wellbeing of the group, we must take immediate action. If you convince other players to break the rules or take part in any scheme, you are as guilty as the one that did it. Both will receive the same penalty.<\/p>",
        "news_content_full": "<p>Our servers are made for you, the community. This means that if someone is trying to disrupt the wellbeing of the group, we must take immediate action.<\/p><p>If you convince other players to break the rules or take part in any scheme, you are as guilty as the one that did it. Both will receive the same penalty.<\/p><p>Here are a some basic guidelines:<\/p><h3>1. General:<\/h3><ol><li>All registered users on our Mu Online servers must agree with every point of the following rules. Disagreement with at least one paragraph prohibits the use of any products from Among Demons.<\/li><\/ol><h3>2. Using restricted software:<\/h3><ol><li>It is forbidden to use Elite, Speedhack, Hithack, Cheat Engine and other cheat programs.<\/li><li>It is allowed to modify the game client files in order to increase your PC performance by completely or partially removing certain animations, objects, effects or items. However it is forbidden to change the visual appearance of these things in order to gain advantage in fights. It is also forbidden to visually change any elements of the interface which might give you an advantage in fight situations.<\/li><\/ol><h3>3. Community:<\/h3><ol><li>Any administration&#39;s decision is fair and competent. Disrespectful attitude to the server staff is forbidden.<\/li><li>Do not threaten, humiliate or insult other players. We have a zero tolerance policy towards racism, ethnophobia and bullying. We can understand that you jokingly say obscene words, but if the target is offended and you do not apologize we will ban you.<\/li><li>Advertisements of external websites or products are strictly forbidden.<\/li><li>Do not craft fake screenshots or misleading proof in any way.<\/li><\/ol><h3>4. Gameplay:<\/h3><ol><li>Do not consciously take advantage of bugs. Report them immediately to administration.<\/li><li>It is forbidden to create character nicknames and guild names with obscene language or any humiliating words.<\/li><\/ol><h3>5. Digital products:<\/h3><ol><li>We do not issue refunds for any of our products. Once the order is submitted it is final. We&rsquo;ll make sure you get what you paid for. If there&rsquo;s any kind of error, please contact the administration.<\/li><\/ol><p>The punishment for each rule is as follows:<\/p><ul><li><strong>7 day ban<\/strong>: 3.1, 3.2, 4.1, 4.2<\/li><li><strong>Permanent ban<\/strong>: 2.1, 2.2, 3.3, 3.4<\/li><\/ul><p>It&#39;s simple, be nice and everything will work out just fine.<\/p><p>I&#39;ll see you in game! :)<\/p>",
        "time": 1544037388,
        "icon": "https:\/\/mu.amongdemons.com\/assets\/AmongDemons\/images\/news\/AmongDemonsRules.jpg",
        "author": "admin",
        "lang": "en_GB"
    },
    "2": {
        "title": "Credits Economy",
        "news_content": "<p>We want our players to have <strong>equal chances<\/strong> when they play and when they use the website. That&#39;s why, in this post, I&#39;ll try to explain how you can get and spend our Credits.<\/p><p>You can get them for free by contributing&nbsp;to the growth of our community or you can pay for them. The important thing is that all methods should feel rewarding enough so none of you are left out.<\/p>",
        "news_content_full": "<p>We want our players to have <strong>equal chances<\/strong> when they play and when they use the website. That&#39;s why, in this post, I&#39;ll try to explain how you can get and spend our Credits.<\/p><p>You can get them for free by contributing&nbsp;to the growth of our community or you can pay for them. The important thing is that all methods should feel rewarding enough so none of you are left out. Based on this focus point, we settled on&nbsp;the following system:<\/p><h3>What can you do with Credits?<\/h3><p>Our currency is designed to become the fuel for player interaction. It will be the main&nbsp;token in the player market. Other than that, we offer build specialisation and privacy.<\/p><ul><li>Reset Stats: <strong>50 Credits<\/strong><\/li><li>Reset Master Level: <strong>50 Credits<\/strong><\/li><li>Hiding Information: <strong>30 Credits<\/strong> \/ <strong>Day <\/strong>(weekly pack of <strong>210 Credits<\/strong>)<\/li><li>Buy items from other players on the <a href=\"\/market\" target=\"_blank\">Market<\/a><\/li><li>Highlight an item when you are selling it on the market: <strong>10 Credits<\/strong><\/li><li>Transfer your Credits to in-game Wcoin to use in Xshop<\/li><\/ul><h3>How can you get Credits for FREE?<\/h3><p>There are multiple options. All of these are focused on helping the growth of our&nbsp;community.<\/p><ul><li><a href=\"\/vote-reward\" target=\"_blank\">Vote&nbsp;on Topsites<\/a>: <strong>5 Credits<\/strong> each (<strong>25 Credits<\/strong> \/ <strong>Day<\/strong>)<\/li><li><a href=\"\/account-panel\/my-referral-list\" target=\"_blank\">Refer a friend<\/a>:<ul><li><strong>100 Credits<\/strong> on his first Reset<\/li><li><strong>200 Credits<\/strong>&nbsp;when they reach 10, 20, 30, 40 and 50 resets<\/li><li>get up to <strong>1100 Credits<\/strong> \/ <strong>referral<\/strong><\/li><\/ul><\/li><li><a href=\"\/account-panel\/exchange-online\" target=\"_blank\">Trade your Game Time<\/a>: <strong>1 Credit<\/strong> each hour you spend online (<strong>24 Credits<\/strong> \/ <strong>Day<\/strong>)<\/li><li>Sell items to other players on the <a href=\"\/market\" target=\"_blank\">Market<\/a><\/li><li>Each time one of your characters Resets you get <strong>50&nbsp;Credits<\/strong><\/li><li>Top 5 Voters get <strong>500 Credits<\/strong> each at the end of the month<\/li><\/ul><h3>How can you buy Credits?<\/h3><p>Get them fast and easy with our&nbsp;<a href=\"\/donate\/paypal\" target=\"_blank\">Paypal Packages<\/a>. We&#39;ll be looking into other payment methods in the future.<\/p>",
        "time": 1548611946,
        "icon": "https:\/\/mu.amongdemons.com\/assets\/AmongDemons\/images\/news\/AmongDemonsCreditsEconomy.jpg",
        "author": "admin",
        "lang": "en_GB"
    },
    "3": {
        "title": "Legion Mu Online server details",
        "news_content": "<p>We are proud to announce that our first server will be named Legion. Our focus is to combine the new UI from Season 9 with classic Mu Online gameplay.<\/p><p>Main features:&nbsp;<strong>NO <\/strong>xp boost,&nbsp;<strong>NO <\/strong>webshop,&nbsp;<strong>NO <\/strong>full stats,&nbsp;<a href=\"https:\/\/mu.amongdemons.com\/market\" target=\"_blank\">Player Market<\/a> enabled, <strong>equal <\/strong>chances for everyone<\/p>",
        "news_content_full": "<p>We are proud to announce that our first server will be named Legion. Our focus is to combine the new UI from Season 9 with classic Mu Online gameplay.<\/p><p>Main features:<\/p><ul><li><strong>NO <\/strong>xp boost<\/li><li><strong>NO <\/strong>webshop<\/li><li><strong>NO <\/strong>full stats<\/li><li><a href=\"https:\/\/mu.amongdemons.com\/news\/seasonal-leaderboards-and-rewards\/5\" target=\"_blank\">Seasonal<\/a> leaderboards<\/li><li><a href=\"https:\/\/mu.amongdemons.com\/market\" target=\"_blank\">Player Market<\/a> enabled<\/li><li>in-game shop will only sell kundun boxes and starter items<\/li><li>all players will have the <strong>same chances<\/strong> on all items\/maps<\/li><\/ul><p>Security:<\/p><ul><li><strong>MD5 protected<\/strong> passwords. Not even us (the server admins) can see your passwords<\/li><li>anti-hack scripts with instant ban<\/li><\/ul><p>Leveling:<\/p><ul><li><strong>x100&nbsp;<\/strong>experience rate<\/li><li><strong>1000 <\/strong>points and <strong>50 <\/strong>Credits&nbsp;on every reset<\/li><li>maximum <strong>50 <\/strong>resets that give you stats<\/li><li>after that you can still reset for leaderboards; your character will have MAX+1,2,3, ... , +n resets<\/li><li>max stats is <strong>32500<\/strong><\/li><li>basic characters get <strong>5 <\/strong>stat points per level and special characters get <strong>6<\/strong><\/li><li>more people in party = more experience<\/li><li>PK characters = less experience<\/li><li><strong>Battle maps<\/strong> have 150% experience rate, 200% drop rate and can drop set items<\/li><\/ul><p>Gameplay:<\/p><ul><li>F10 and scroll to use <strong>3D camera<\/strong><\/li><li>all characters are unlocked from the start<\/li><li><a href=\"https:\/\/mu.amongdemons.com\/market\" target=\"_blank\">player market<\/a> enabled; you can buy\/sell items on our website for Credits or Jewels<\/li><li>in-game Personal Store <strong>disabled<\/strong><\/li><li>potion use delay set to <strong>1 <\/strong>second<\/li><li>dark Raven damage increased to<strong> 200%<\/strong> against monsters<\/li><li>DL and RF damage reduced by <strong>30%<\/strong> (we will balance damage in future updates)<\/li><li>you get Gens rewards over 500 points<\/li><li>Box of Kundun drop <strong>excellent <\/strong>items<\/li><li><strong>Silver <\/strong>Medals can drop: starter armors from +6 to +11 - Jewels of Chaos, Bless, Life or Creation - Dark Raven Spirit - Titan&#39;s Anger<\/li><li><strong>Gold <\/strong>Medals can drop: Jewel of Bless, Soul, Chaos or Harmony - mid tier weapons - Dark Raven Spirit - Titan&#39;s Anger - Muun Pets (Evolved) - Magic Backpack (expand inventory)<\/li><\/ul><p>Events:<\/p><ul><li>Blood Castle<\/li><li>Chaos Castle<\/li><li>Dragon Invasion<\/li><li>Golden Invasion<\/li><li>White Wizard Attack<\/li><li>Dungeon Death King<\/li><li>Raklion Hatchery<\/li><li>Kalima Event<\/li><li>Summon Golden Book<\/li><li>Last Man Standing<\/li><li>Mu Rummy (Card Game)<\/li><li>Devil Square<\/li><li>Castle Siege<\/li><\/ul><p>Commands:<\/p><ul><li>\/Dance, \/Cry, \/Hustle<\/li><li>\/pkclear cost: 1kk zen * pk level<\/li><li>\/post<\/li><li>\/addstr, \/addvit, \/addene, \/addagi, \/addcmd<\/li><li>\/setparty<\/li><li>\/war , \/endwar, \/battlesoccer<\/li><\/ul><p>If you are a numbers person and you want to know more about our server stats: <a href=\"https:\/\/mu.amongdemons.com\/about\/stats\/LEGION\" target=\"_blank\">click here<\/a>.<\/p><p>That&#39;s about it.<\/p><p>If you have any questions leave us a comment below or on <a href=\"https:\/\/discord.gg\/TNnRwMK\" target=\"_blank\">Discord<\/a>.<br \/>&nbsp;<\/p>",
        "time": 1548244507,
        "icon": "https:\/\/mu.amongdemons.com\/assets\/AmongDemons\/images\/news\/AmongDemonsLegion.jpg",
        "author": "admin",
        "lang": "en_GB"
    },
    "4": {
        "title": "Legion update 19.01.08",
        "news_content": "<p>After launch we got a lot of good feedback from you. Considering everyone&#39;s oppinion we made some server adjustments. Make sure you get the latest patch by running &quot;Among Demons.exe&quot;. Thank you all for helping.<\/p>",
        "news_content_full": "<p>After launch we got a lot of good feedback from you. Considering everyone&#39;s oppinion we made some server adjustments. Make sure you get the latest patch by running &quot;<strong>Among Demons.exe<\/strong>&quot;.<\/p><p>Here&#39;s what we did:<\/p><ul><li>added Jewel of Chaos and Jewel of Bless&nbsp;to Gold Medals<\/li><li>lowered Jewel of Harmony and Muun Pets drop rate from Gold Medals<\/li><li>lowered Titan&#39;s Anger drop rate from both Medals<\/li><li>increased Gold Medal drop rate<\/li><li>increased Atlans 2-3 monster level<\/li><li>switched from x50 to x100<\/li><li>disabled reconnect until visual bugs get fixed<\/li><li>removed email activation<\/li><li>increased number of connections per IP so you can play with multiple characters if you wish<\/li><li>removed client side chat filter<\/li><li>removed Grand Resets because it was not needed (10 resets * 5 grand resets = 50 normal resets)<\/li><li>manually added credits to people that already had resets<\/li><li>changed the price of reseting stats and ML to 50 Credits<\/li><li>changed some text phrases in the client<\/li><li>removed Vulcanus<\/li><li>made Icarus and Aida Battle zones<\/li><li>rearranged the warps list<\/li><li>lowered monster stats in Aida 1<\/li><li>put default monsters back (only stats, no spots)<\/li><li>added first armors in NPC shops<\/li><li>added more armors in Silver Medals<\/li><li>added medium tier weapons in Gold Medals (including Rune Blade for strength MG)<\/li><li>added small chance of Dark Raven Spirit in both Medals<\/li><li>removed pentagram drop from some monsters<\/li><li>changed some Arena spots<\/li><li>added Raklion spots<\/li><li>added Crywolf spots<\/li><li>added Mega Spots in Land of Trial<\/li><li>made Land of Trial monsters stronger<\/li><li>added reward to Erohim<\/li><li>fixed small wings level up bug<\/li><li>fixed the chat deselect bug<\/li><\/ul><p>Thank you for all for helping. You are the best.<\/p>",
        "time": 1546948060,
        "icon": "https:\/\/mu.amongdemons.com\/assets\/AmongDemons\/images\/AmongDemons_muonline_maintenance.png",
        "author": "admin",
        "lang": "en_GB"
    },
    "5": {
        "title": "Seasonal leaderboards and rewards",
        "news_content": "<p>We&#39;re proud to announce that our Mu Online server has Seasons. The first one will start today. <strong>TOP 3<\/strong> players from each season will receive <strong>Wings of Conqueror+11+luck<\/strong> that expire in 30 Days.<\/p>",
        "news_content_full": "<p>We&#39;re proud to announce that our Mu Online server has Seasons.<\/p><p>The <strong>TOP 3<\/strong> players from each season will receive <strong>Wings of Conqueror+11+luck<\/strong> that expire in 30 Days.<\/p><p>The first season is starting now and it will last until the 1st of February. Every other one will last 15 days. When it ends we&#39;ll give the rewards and we will set the seasonal resets to 0.<\/p><p><strong>You will keep your characters, stats, items and your total resets<\/strong>. The only thing that changes at the end of a season is the leaderboard. You can find it at:&nbsp;<\/p><p><a href=\"https:\/\/mu.amongdemons.com\/rankings\">mu.amongdemons.com\/rankings<\/a><\/p><p>For any questions don&#39;t hesitate to contact us on <a href=\"https:\/\/www.facebook.com\/amongdemons\/\" target=\"_blank\">Facebook<\/a>&nbsp;or <a href=\"https:\/\/discord.gg\/TNnRwMK\" target=\"_blank\">Discord<\/a>.<\/p><p>Happy farming!<\/p>",
        "time": 1547421422,
        "icon": "https:\/\/mu.amongdemons.com\/assets\/AmongDemons\/images\/news\/AmongDemons_MuOnlineSeasonal.png",
        "author": "admin",
        "lang": "en_GB"
    }
}