{
    "1": {
        "title": "Mu Online Rules",
        "news_content": "<p>Our servers are made for you, the community. This means that if someone is trying to disrupt the wellbeeing of the group we must take immidiate action.<\/p>",
        "news_content_full": "<p>Pri sumo appetere constituto et. Bonorum detracto laboramus duo ad. Latine platonem volutpat ius ne, ea qui tota vidit. Mel inani inciderint ea, omnesque mandamus deterruisset ex mei, probo rebum antiopam an sed.<\/p><p>Falli omnesque accommodare cum id, ad usu populo discere voluptatibus, brute facilis consequuntur no est. Ea cum putent accommodare, pri id dolore malorum.<\/p>",
        "time": 1541061995,
        "icon": "http:\/\/i.imgur.com\/AAmia96.jpg",
        "author": "admin",
        "lang": "en_GB"
    },
    "2": {
        "title": "Credits Economy",
        "news_content": "<p>We want our players to have <strong>equal chances<\/strong> when they play and when they use the website. That&#39;s why, in this post, I&#39;ll try to explain how you can get and spend our Credits.<\/p><p>You can get them for free by contributing&nbsp;to the growth of our community or you can pay for them. The important thing is that all methods should feel rewarding enough so none of you are left out.<\/p>",
        "news_content_full": "<p>We want our players to have <strong>equal chances<\/strong> when they play and when they use the website. That&#39;s why, in this post, I&#39;ll try to explain how you can get and spend our Credits.<\/p><p>You can get them for free by contributing&nbsp;to the growth of our community or you can pay for them. The important thing is that all methods should feel rewarding enough so none of you are left out. Based on this focus point, we settled on&nbsp;the following system:<\/p><h3>What can you do with Credits?<\/h3><p>Our currency is designed to become the fuel for player interaction. It will be the main&nbsp;token in the player market. Other than that, we offer build specialisation and privacy.<\/p><ul><li>Reset Stats: <strong>100 Credits<\/strong><\/li><li>Reset Master Level: <strong>100 Credits<\/strong><\/li><li>Hiding Information: <strong>30 Credits<\/strong> \/ <strong>Day <\/strong>(weekly pack of <strong>210 Credits<\/strong>)<\/li><li>Buy items from other players on the <a href=\"\/market\" target=\"_blank\">Market<\/a><\/li><li>Highlight an item when you are selling it on the market: <strong>10 Credits<\/strong><\/li><li>Transfer your Credits to in-game Wcoin to use in Xshop<\/li><\/ul><h3>How can you get Credits for FREE?<\/h3><p>There are multiple options. All of these are focused on helping the growth of our Global DOOM community.<\/p><ul><li><a href=\"\/vote-reward\" target=\"_blank\">Vote&nbsp;on Topsites<\/a>: <strong>10 Credits<\/strong> each (<strong>50 Credits<\/strong> \/ <strong>Day<\/strong>)<\/li><li><a href=\"\/account-panel\/my-referral-list\" target=\"_blank\">Refer a friend<\/a>:<ul><li><strong>100 Credits<\/strong> on his first Reset<\/li><li><strong>100 Credits<\/strong>&nbsp;for each Grand Reset your friends reach<\/li><li>get up to <strong>1100 Credits<\/strong> \/ <strong>referral<\/strong><\/li><\/ul><\/li><li><a href=\"\/account-panel\/exchange-online\" target=\"_blank\">Trade your Game Time<\/a>: <strong>1 Credit<\/strong> each hour you spend online (<strong>24 Credits<\/strong> \/ <strong>Day<\/strong>)<\/li><li>Sell items to other players on the <a href=\"\/market\" target=\"_blank\">Market<\/a><\/li><\/ul><h3>How can you buy Credits?<\/h3><p>Get them fast and easy with our&nbsp;<a href=\"\/donate\/paypal\" target=\"_blank\">Paypal Packages<\/a>. We&#39;ll be looking into other payment methods in the future.<\/p>",
        "time": 1541072969,
        "icon": "http:\/\/i37.tinypic.com\/2rcr6mg.png",
        "author": "admin",
        "lang": "en_GB"
    },
    "3": {
        "title": "Arcanis server details",
        "news_content": "<p>We are proud to announce that our first Mu Online server will be named Arcanis. We&#39;ll be rocking a fast and stable <strong>Season 9<\/strong> with customisations based on community feedback.<\/p>",
        "news_content_full": "<p>We are proud to announce that our first Mu Online server will be named Arcanis. We&#39;ll be rocking a fast and stable Season 9 with the following customisations:<\/p><p>Leveling:<\/p><ul><li>x50 experience rate<\/li><li>800 points on every reset<\/li><li>10 resets for a grand reset<\/li><li>6000 points on every grand reset<\/li><li>maximum of 10 grand resets (no full stats)<\/li><li>every character&nbsp;gets 7 points for each level<\/li><\/ul><p>Items:<\/p><ul><li>all players will have the same chances on all the items<\/li><\/ul><p>Website:<\/p><ul><li>player market enabled; you can buy\/sell items on our website for Credits or Jewels<\/li><li>vote<\/li><li>referrals<\/li><\/ul><p>Rewards:<\/p>",
        "time": 1540992647,
        "icon": "http:\/\/i.imgur.com\/AAmia96.jpg",
        "author": "admin",
        "lang": "en_GB"
    }
}