{
    "ARCANIS": {
        "db": "MuOnline",
        "db_acc": "MuOnline",
        "title": "Arcanis",
        "visible": 1,
        "inv_size": "7584",
        "wh_size": "7680",
        "inv_multiplier": 236,
        "wh_multiplier": 240,
        "wh_hor_size": 8,
        "wh_ver_size": 15,
        "item_size": 64,
        "gs_list": "",
        "gs_ip": "173.249.49.211",
        "gs_port": "44405",
        "max_players": "500",
        "version": "Season 9",
        "exp": "x50",
        "drop": "x10",
        "job_rate": "0",
        "jos_rate": "0",
        "jol_rate": "0",
        "cm_rate": "0"
    },
    "USE_MULTI_ACCOUNT_DB": false
}