{
    "ARCANIS": {
        "paypal": {
            "active": "1",
            "sandbox": "0",
            "email": "globaldoom.net@gmail.com",
            "punish_player": "1",
            "reward_type": "1",
            "paypal_fee": "0",
            "paypal_fixed_fee": ""
        }
    },
    "LEGION": {
        "paypal": {
            "active": "1",
            "sandbox": "0",
            "email": "office@amongdemons.com",
            "punish_player": "1",
            "reward_type": "1",
            "paypal_fee": "0",
            "paypal_fixed_fee": ""
        }
    }
}