{
    "events": {
        "active": "1",
        "event_timers": {
            "3": {
                "name": "Blood Castle",
                "days": "00:30:00, 02:30:00, 04:30:00, 06:30:00, 08:30:00, 10:30:00, 12:30:00, 14:30:00, 16:30:00, 18:30:00, 20:30:00, 22:30:00"
            },
            "4": {
                "name": "White Wizard Invasion",
                "days": "06:01:00, 10:00:00, 14:00:00, 18:01:00, 22:00:00"
            },
            "5": {
                "name": "Last Man Standing",
                "days": "07:45:00, 12:45:00, 18:45:00, 22:45:00"
            },
            "6": {
                "name": "Dragon Invasion",
                "days": "00:00:00, 06:00:00, 12:00:00, 18:00:00"
            },
            "7": {
                "name": "Happy Hour",
                "days": "03:00:00, 11:00:00, 19:00:00"
            },
            "8": {
                "name": "Chaos Castle",
                "days": "01:30:00, 03:30:00, 05:30:00, 07:30:00, 09:30:00, 11:30:00, 13:30:00, 15:30:00, 17:30:00, 19:30:00, 21:30:00, 23:30:00"
            },
            "9": {
                "name": "Golden Invasion",
                "days": "06:03:00, 09:00:00, 18:03:00, 21:00:00"
            },
            "10": {
                "name": "Dungeon Death King",
                "days": "06:02:00, 08:00:00, 18:02:00, 20:00:00"
            }
        }
    }
}