{
    "ARCANIS": {
        "allow_greset": 1
    },
    "LEGION": {
        "allow_greset": 1,
        "0-5": {
            "money": "10000000",
            "money_x_reset": "1",
            "level": "400",
            "reset": "10",
            "clear_all_resets": "1",
            "clear_magic": "0",
            "clear_inventory": "0",
            "clear_stats": "1",
            "clear_level_up": "1",
            "new_stat_points": "25",
            "new_free_points": "0",
            "bonus_points": {
                "dw": "10000",
                "sm": "10000",
                "gm": "10000",
                "dk": "10000",
                "bk": "10000",
                "bm": "10000",
                "fe": "10000",
                "me": "10000",
                "he": "10000",
                "mg": "10000",
                "dm": "10000",
                "dl": "10000",
                "le": "10000",
                "su": "10000",
                "bs": "10000",
                "dim": "10000",
                "rf": "10000",
                "fm": "10000",
                "gl": "10000",
                "ml": "10000"
            },
            "bonus_points_save": "1",
            "bonus_reset_stats": "0",
            "bonus_credits": "500",
            "bonus_gcredits": "0",
            "clear_masterlevel": "0"
        }
    }
}