{
    "en_GB": {
        "default": {
            "title": "%server_title% Online",
            "keywords": "%server_title%, MuOnline, Mu, Mu Online, Season 9, webzen, Among Demons, AmongDemons, amongdemons.com, global mu, global, demons",
            "description": "Come play a fast and stable Mu Online server customized for the community. Our main focus is to keep the game fair for all players and deliver frequent updates."
        },
        "registration": {
            "title": "%server_title% Registration",
            "keywords": "%server_title%, MuOnline, Mu, Mu Online, Season 9, webzen, Among Demons, AmongDemons, amongdemons.com, global mu, global, demons, login, register, registration, account, create",
            "description": "Create a Free to Play account and join in on the fun. We offer a fast and stable Mu Online server customized for the community."
        },
        "market": {
            "title": "%server_title% Market",
            "keywords": "%server_title%, MuOnline, Mu, Mu Online, Season 9, webzen, Among Demons, AmongDemons, amongdemons.com, global mu, global, demons, shop, market, player market, webshop",
            "description": "Buy and sell your items on the player market. Accepted currencies: Credits, Jewel of Bless, Jewel of Soul, Jewel of Harmony, Jewel of Life and Jewel of Chaos."
        },
        "rankings": {
            "title": "%server_title% Rankings",
            "keywords": "%server_title%, MuOnline, Mu, Mu Online, Season 9, webzen, Among Demons, AmongDemons, amongdemons.com, global mu, global, demons, ranking, rankings, top, best of, players, pvp, pve",
            "description": "Fight for your spot at the top. Check out the best PvE or PvP players from our Mu Online server."
        }
    }
}