<?xml version="1.0"?>
<main_conf>
  <main>
    <servername>Among Demons Mu</servername>
    <site_url>https://mu.amongdemons.com</site_url>
    <forum_url>https://discord.gg/TNnRwMK</forum_url>
    <con_check>0</con_check>
    <template>AmongDemons</template>
    <timezone>Europe/Amsterdam</timezone>
    <use_ajax_page_load>0</use_ajax_page_load>
    <cache_type>file</cache_type>
    <mem_cached_ip></mem_cached_ip>
    <mem_cached_port></mem_cached_port>
    <grand_open_timer>2019/01/01 18:00</grand_open_timer>
    <grand_open_timer_text>Until server opening</grand_open_timer_text>
    <maintenance>0</maintenance>
    <show_debug_info>0</show_debug_info>
  </main>
</main_conf>
