<?xml version="1.0"?>
<market_conf>
  <market>
    <module_status>1</module_status>
    <items_per_page>30</items_per_page>
    <price_limit_credits>10000</price_limit_credits>
    <price_limit_gcredits>9999</price_limit_gcredits>
    <price_limit_zen>9999999</price_limit_zen>
    <price_limit_jewels>240</price_limit_jewels>
    <price_highlight>10</price_highlight>
    <sell_tax>10</sell_tax>
    <sell_item_limit>10</sell_item_limit>
    <allow_sell_shop_items>0</allow_sell_shop_items>
    <allow_remove_only_when_expired>0</allow_remove_only_when_expired>
    <max_exe>9</max_exe>
  </market>
</market_conf>
