<?xml version="1.0"?>
<shop_LEGION_conf>
  <shop_LEGION>
    <module_status>1</module_status>
    <item_per_page>25</item_per_page>
    <columns>5</columns>
    <exe_price>100</exe_price>
    <luck_price>10</luck_price>
    <skill_price>10</skill_price>
    <lvl_price>10</lvl_price>
    <opt_price>10</opt_price>
    <anc1_price>100</anc1_price>
    <anc2_price>100</anc2_price>
    <dfenrir_price>500</dfenrir_price>
    <pfenrir_price>500</pfenrir_price>
    <gfenrir_price>500</gfenrir_price>
    <ref_price>1</ref_price>
    <exe_limit>4</exe_limit>
    <use_harmony>1</use_harmony>
    <use_socket>1</use_socket>
    <allow_select_socket>1</allow_select_socket>
    <equal_seed>0</equal_seed>
    <equal_socket>0</equal_socket>
    <empty_socket>1</empty_socket>
    <socket_limit_credits>3</socket_limit_credits>
    <socket_limit_gcredits>3</socket_limit_gcredits>
    <check_socket_part_type>1</check_socket_part_type>
    <max_sockets_to_show>3</max_sockets_to_show>
    <allow_exe_anc>1</allow_exe_anc>
    <allow_exe_socket>1</allow_exe_socket>
    <allow_anc_harmony>0</allow_anc_harmony>
    <element_type_price>20</element_type_price>
    <element_rank_1_price>20</element_rank_1_price>
    <element_rank_2_price>20</element_rank_2_price>
    <element_rank_3_price>20</element_rank_3_price>
    <element_rank_4_price>20</element_rank_4_price>
    <element_rank_5_price>20</element_rank_5_price>
    <pentagram_slot_anger_price>200</pentagram_slot_anger_price>
    <pentagram_slot_blessing_price>200</pentagram_slot_blessing_price>
    <pentagram_slot_integrity_price>200</pentagram_slot_integrity_price>
    <pentagram_slot_divinity_price>200</pentagram_slot_divinity_price>
    <pentagram_slot_gale_price>200</pentagram_slot_gale_price>
    <discount>0</discount>
    <discount_time>0</discount_time>
    <discount_perc>0</discount_perc>
    <discount_notice></discount_notice>
    <gold_credits_price>-20</gold_credits_price>
  </shop_LEGION>
</shop_LEGION_conf>
