{
    "events": {
        "active": "1",
        "event_timers": {
            "1": {
                "name": "Blood Castle",
                "days": "12:00"
            },
            "2": {
                "name": "Chaos Castle",
                "days": "11:00"
            },
            "3": {
                "name": "balbllalblalba",
                "days": "12:00"
            },
            "4": {
                "name": "balbllalblalba",
                "days": "12:00"
            },
            "5": {
                "name": "balbllalblalba",
                "days": "12:00"
            },
            "6": {
                "name": "balbllalblalba",
                "days": "12:00"
            },
            "7": {
                "name": "balbllalblalba",
                "days": "12:00"
            },
            "8": {
                "name": "balbllalblalba",
                "days": "12:00"
            },
            "9": {
                "name": "balbllalblalba",
                "days": "12:00"
            },
            "10": {
                "name": "One time event",
                "days": "17:45,16:44:00,15:23"
            }
        }
    }
}