{
    "ARCANIS": {
        "allow_greset": 1,
        "0-10": {
            "money": "10000000",
            "money_x_reset": "1",
            "level": "400",
            "reset": "10",
            "clear_all_resets": "1",
            "clear_magic": "0",
            "clear_inventory": "0",
            "clear_stats": "1",
            "clear_level_up": "1",
            "new_stat_points": "50",
            "new_free_points": "0",
            "bonus_points": {
                "dw": "6000",
                "sm": "6000",
                "gm": "6000",
                "dk": "6000",
                "bk": "6000",
                "bm": "6000",
                "fe": "6000",
                "me": "6000",
                "he": "6000",
                "mg": "6000",
                "dm": "6000",
                "dl": "6000",
                "le": "6000",
                "su": "6000",
                "bs": "6000",
                "dim": "6000",
                "rf": "6000",
                "fm": "6000",
                "gl": "6000",
                "ml": "6000"
            },
            "bonus_points_save": "1",
            "bonus_reset_stats": "0",
            "bonus_credits": "0",
            "bonus_gcredits": "0",
            "clear_masterlevel": "0"
        }
    }
}