{
    "en_GB": {
        "default": {
            "title": "%server_title%",
            "keywords": "%server_title%, DmNMu CMS 1.1.8, MuOnline, Website",
            "description": "Content Management System For MuOnline"
        },
        "home": {
            "title": "%server_title% Home",
            "keywords": "%server_title%, DmN MuCMS 1.1.8, MuOnline, Website",
            "description": "Content Management System For MuOnline"
        },
        "registration": {
            "title": "%server_title% Registration",
            "keywords": "%server_title%, DmN MuCMS 1.1.8, MuOnline, Website",
            "description": "Content Management System For MuOnline"
        }
    }
}