{
    "ARCANIS": {
        "allow_reset": 1,
        "0-10": {
            "money": "1000000",
            "money_x_reset": "1",
            "level": "400",
            "clear_magic": "0",
            "clear_inventory": "0",
            "clear_exp_inventory": "0",
            "clear_equipment": "0",
            "clear_store": "0",
            "clear_stats": "1",
            "clear_level_up": "1",
            "new_stat_points": "50",
            "new_free_points": "0",
            "bonus_points": {
                "dw": "800",
                "sm": "800",
                "gm": "800",
                "dk": "800",
                "bk": "800",
                "bm": "800",
                "fe": "800",
                "me": "800",
                "he": "800",
                "mg": "800",
                "dm": "800",
                "dl": "800",
                "le": "800",
                "su": "800",
                "bs": "800",
                "dim": "800",
                "rf": "800",
                "fm": "800",
                "gl": "800",
                "ml": "800"
            },
            "bonus_credits": "0",
            "bonus_gcredits": "0",
            "reset_cooldown": "0",
            "bonus_gr_points": "1",
            "clear_masterlevel": "0"
        }
    }
}