{
    "ARCANIS": {
        "active": "1",
        "req_char": "0",
        "req_lvl": "0",
        "req_res": "0",
        "xtremetop_same_acc_vote": "0",
        "xtremetop_link_numbers": "",
        "count_down": "60",
        "is_monthly_reward": "0",
        "amount_of_players_to_reward": "1",
        "reward_formula": "0",
        "reward_type": "1"
    },
    "LEGION": {
        "active": "1",
        "req_char": "1",
        "req_lvl": "0",
        "req_res": "0",
        "xtremetop_same_acc_vote": "0",
        "xtremetop_link_numbers": "1",
        "count_down": "30",
        "is_monthly_reward": "1",
        "amount_of_players_to_reward": "5",
        "reward_formula": "500",
        "reward_type": "1"
    },
    "X100": {
        "active": "1",
        "req_char": "1",
        "req_lvl": "0",
        "req_res": "0",
        "xtremetop_same_acc_vote": "1",
        "xtremetop_link_numbers": "",
        "count_down": "60",
        "is_monthly_reward": "0",
        "amount_of_players_to_reward": "1",
        "reward_formula": "10",
        "reward_type": "1"
    }
}