{
    "LEGION": {
        "db": "MuOnline",
        "db_acc": "MuOnline",
        "title": "Legion",
        "visible": 1,
        "inv_size": "7584",
        "wh_size": "7680",
        "inv_multiplier": 236,
        "wh_multiplier": 240,
        "wh_hor_size": 8,
        "wh_ver_size": 15,
        "item_size": 64,
        "gs_list": "Legion",
        "gs_ip": "207.180.241.245",
        "gs_port": "44405",
        "max_players": "500",
        "version": "Season 9",
        "exp": "x50",
        "drop": "x1",
        "job_rate": "0",
        "jos_rate": "0",
        "jol_rate": "0",
        "cm_rate": "0"
    },
    "USE_MULTI_ACCOUNT_DB": false
}